player_name_id,team_name
Aaron Ramsey,Burnley
Abdallah Sima,Brighton
Abdoullah Ba,Sunderland
Adam Wharton,Crystal Palace
Adama Traoré Diarra,Fulham
Adrian Mazilu,Brighton
Alan Browne,Sunderland
Albert Sambi Lokonga,Arsenal
Alejandro Garnacho Ferreyra,Chelsea
Alex Iwobi,Fulham
Alex Scott,Bournemouth
Alexis Mac Allister,Liverpool
Alysson Edward Franco da Rocha dos Santos,Aston Villa
Amad Diallo,Man Utd
Amadou Onana,Aston Villa
Amine Adli,Bournemouth
Andre Harriman-Annous,Arsenal
Andreas Hoelgebaum Pereira,Fulham
Andrew Moran,Brighton
Andrey Nascimento dos Santos,Chelsea
André Trindade da Costa Neto,Wolves
Andy Irving,West Ham
Anthony Elanga,Newcastle
Anthony Gordon,Newcastle
Antoine Semenyo,Man City
Anton Stach,Leeds
Antoni Milambo,Brentford
Antony dos Santos,Man Utd
Antoñito Cordero Campillo,Newcastle
Archie Gray,Spurs
Asher Agbinone,Crystal Palace
Ben Broggio,Aston Villa
Ben Gannon-Doak,Bournemouth
Ben Winterburn,Bournemouth
Bendito Mantato,Man Utd
Bernardo Mota Veiga de Carvalho e Silva,Man City
Bertrand Traoré,Sunderland
Boubacar Kamara,Aston Villa
Boubacar Traoré,Wolves
Bradley Burrowes,Aston Villa
Brajan Gruda,Brighton
Brenden Aaronson,Leeds
Brennan Johnson,Crystal Palace
Bruno Borges Fernandes,Man Utd
Bruno Guimarães Rodriguez Moura,Newcastle
Bryan Gil Salvatierra,Spurs
Bryan Mbeumo,Man Utd
Bukayo Saka,Arsenal
Callum Bates,Everton
Callum Hudson-Odoi,Nott'm Forest
Callum Olusesi,Spurs
Carlos Alcaraz Durán,Everton
Carlos Baleba,Brighton
Carlos Henrique Casimiro,Man Utd
Charlie Crew,Leeds
Charlie Gray,Man City
Cheick Doucouré,Crystal Palace
Chemsdine Talbi,Sunderland
Chris Rigg,Sunderland
Christian Nørgaard,Arsenal
Christopher Nkunku,Chelsea
Claudio Echeverri,Man City
Coby Ebere,Everton
Cody Gakpo,Liverpool
Cole Palmer,Chelsea
Crysencio Summerville,West Ham
Curtis Jones,Liverpool
Daichi Kamada,Crystal Palace
Dan Ndoye,Nott'm Forest
Dan Neil,Sunderland
Dango Ouattara,Brentford
Daniel James,Leeds
Darko Churlinov,Burnley
Darko Gyabi,Leeds
David Brooks,Bournemouth
David Ozoh,Crystal Palace
Declan Rice,Arsenal
Dejan Kulusevski,Spurs
Diego Gómez Amarilla,Brighton
Dilane Bakwa,Nott'm Forest
Divine Mukasa,Man City
Dominic Sadi,Bournemouth
Dominik Szoboszlai,Liverpool
Donyell Malen,Aston Villa
Douglas Luiz Soares de Paulo,Nott'm Forest
Dwight McNeil,Everton
Dário Luís Essugo,Chelsea
Eberechi Eze,Arsenal
Edson Álvarez Velázquez,West Ham
Elliot Anderson,Nott'm Forest
Emile Smith Rowe,Fulham
Emiliano Buendía Stati,Aston Villa
Endo Wataru,Liverpool
Enock Agyei,Burnley
Enso González Medina,Wolves
Enzo Barrenechea,Aston Villa
Enzo Fernández,Chelsea
Enzo Le Fée,Sunderland
Eric da Silva Moreira,Nott'm Forest
Estêvão Almeida de Oliveira Gonçalves,Chelsea
Ethan Ampadu,Leeds
Ethan Nwaneri,Arsenal
Ethan Sutherland,Wolves
Evann Guessand,Aston Villa
Facundo Buonanotte,Chelsea
Federico Chiesa,Liverpool
Fer López González,Wolves
Florentino Ibrain Morris Luís,Burnley
Florian Wirtz,Liverpool
Franco Umeh-Chibueze,Crystal Palace
Frank Onyeka,Brentford
Freddie Potts,West Ham
Fábio Ferreira Vieira,Arsenal
Fábio Freitas Gouveia Carvalho,Brentford
Gabriel Martinelli Silva,Arsenal
Garang Kuol,Newcastle
George Brierley,Burnley
George Earthy,West Ham
George Hemmings,Aston Villa
Georginio Rutter,Brighton
Gonçalo Manuel Ganchinho Guedes,Wolves
Granit Xhaka,Sunderland
Guido Rodríguez,West Ham
Gustavo Nunes Fernandes Gomes,Brentford
Habib Diarra,Sunderland
Hamed Traorè,Bournemouth
Hannibal Mejbri,Burnley
Harrison Armstrong,Everton
Harrison Jones,Sunderland
Harrison Reed,Fulham
Harry Howell,Brighton
Harry Wilson,Fulham
Harvey Barnes,Newcastle
Harvey Elliott,Aston Villa
Hwang Hee-chan,Wolves
Ian Poveda-Ocampo,Sunderland
Ibrahim Sangaré,Nott'm Forest
Idrissa Gana Gueye,Everton
Ilia Gruev,Leeds
Iliman Ndiaye,Everton
Isaac Hayden,Newcastle
Isaac Heath,Everton
Ismaïla Sarr,Crystal Palace
Ismeal Kabia,Arsenal
Jack Fletcher,Man Utd
Jack Grealish,Everton
Jack Harrison,Leeds
Jack Hinshelwood,Brighton
Jack Moorhouse,Man Utd
Jacob Bruun Larsen,Burnley
Jacob Murphy,Newcastle
Jacob Ramsey,Newcastle
Jadon Sancho,Aston Villa
Jaidon Anthony,Burnley
Jamaldeen Jimoh-Aloba,Aston Villa
James Garner,Everton
James Maddison,Spurs
James McAtee,Nott'm Forest
James McConnell,Liverpool
James Milner,Brighton
James Ward-Prowse,West Ham
Jamie Bynoe-Gittens,Chelsea
Jay Matete,Sunderland
Jayce Fitzgerald,Man Utd
Jaydon Banel,Burnley
Jean-Ricner Bellegarde,Wolves
Jefferson Lerma Solís,Crystal Palace
Jenson Metcalfe,Everton
Jeremy Sarmiento Morante,Brighton
Jesurun Rak-Sakyi,Crystal Palace
Jhon Arias,Wolves
Joe Gelhardt,Leeds
Joe Hodge,Wolves
Joe Knight,Brighton
Joe White,Newcastle
Joe Willock,Newcastle
Joelinton Cássio Apolinário de Lira,Newcastle
John McGinn,Aston Villa
Jordan Henderson,Brentford
Josh Cullen,Burnley
Josh Dasilva,Brentford
Josh King,Fulham
Josh Laurent,Burnley
João Maria Lobo Alves Palhares Costa Palhinha Gonçalves,Spurs
João Pedro Ferreira da Silva,Nott'm Forest
João Victor Gomes da Silva,Wolves
Joél Drakes-Thomas,Crystal Palace
Julio Enciso Espínola,Brighton
Justin Devenny,Crystal Palace
Justin Kluivert,Bournemouth
Jérémy Doku,Man City
Kadan Young,Aston Villa
Kaden Rodney,Crystal Palace
Kalvin Phillips,Man City
Kendry Páez Andrade,Chelsea
Kevin Santos Lopes de Macedo,Fulham
Kevin Schade,Brentford
Kieran Morrison,Liverpool
Kiernan Dewsbury-Hall,Everton
Kobbie Mainoo,Man Utd
Landon Emenalo,Chelsea
Largie Ramazani,Leeds
Leander Dendoncker,Aston Villa
Leandro Trossard,Arsenal
Leon Bailey,Aston Villa
Lesley Ugochukwu,Burnley
Lewis Cook,Bournemouth
Lewis Dobbin,Aston Villa
Lewis Miley,Newcastle
Lewis O'Brien,Nott'm Forest
Lewis Orford,West Ham
Loum Tchaouna,Burnley
Luca Koleosho,Burnley
Lucas Bergvall,Spurs
Lucas Tolentino Coelho de Lima,West Ham
Lucá Williams-Barnett,Spurs
Luis Díaz Marulanda,Liverpool
Luis Guilherme Lira dos Santos,West Ham
Luis Sinisterra Lucumí,Bournemouth
Luke Harris,Fulham
Luke Rawlings,Wolves
Malcolm Ebiowei,Crystal Palace
Malcom DaCosta,Bournemouth
Malick Yalcouyé,Brighton
Manor Solomon,Spurs
Manuel Benson Hedilazio,Burnley
Manuel Ugarte Ribeiro,Man Utd
Marcus Edwards,Burnley
Marcus Rashford,Man Utd
Marcus Tavernier,Bournemouth
Marko Stamenić,Nott'm Forest
Marshall Munetsi,Wolves
Martial Godo,Fulham
Martin Ødegaard,Arsenal
Martín Zubimendi Ibáñez,Arsenal
Mason Mount,Man Utd
Mateo Kovačić,Man City
Mateus Gonçalo Espanha Fernandes,West Ham
Matheus França de Oliveira,Crystal Palace
Matheus Santos Carneiro da Cunha,Man Utd
Mathias Jensen,Brentford
Mathys Tel,Spurs
Mats Wieffer,Brighton
Matt O'Riley,Brighton
Max Dowman,Arsenal
Maxwel Cornet,West Ham
Merlin Röhl,Everton
Mike Trésor Ndayishimiye,Burnley
Mikel Merino Zazón,Arsenal
Mikey Moore,Spurs
Mikkel Damsgaard,Brentford
Milan Aleksić,Sunderland
Mitoma Kaoru,Brighton
Mohamadou Kanté,West Ham
Mohamed Salah,Liverpool
Mohammed Kudus,Spurs
Moisés Caicedo Corozo,Chelsea
Morgan Gibbs-White,Nott'm Forest
Morgan Rogers,Aston Villa
Mykhailo Mudryk,Chelsea
Myles Peart-Harris,Brentford
Naouirou Ahamada,Crystal Palace
Nectarios Triantis,Sunderland
Nehemiah Oriola,Brighton
Nico González Iglesias,Man City
Nicolás Domínguez,Nott'm Forest
Noah Okafor,Leeds
Noah Sadiki,Sunderland
Noni Madueke,Arsenal
Oliver Pimlott,Burnley
Oluwaseun Adewumi,Burnley
Omar Marmoush,Man City
Omari Hutchinson,Nott'm Forest
Oscar Bobb,Man City
Pape Matar Sarr,Spurs
Paris Maghoma,Brentford
Pascal Groß,Brighton
Patrick Roberts,Sunderland
Pedro Lomba Neto,Chelsea
Phil Foden,Man City
Philip Billing,Bournemouth
Pierre Ekwah Elimby,Sunderland
Rayan Cherki,Man City
Reigan Heskey,Man City
Reiss Nelson,Brentford
Remy Rees-Dottin,Bournemouth
Rio Cardines,Crystal Palace
Rio Ngumoha,Liverpool
Rodrigo 'Rodri' Hernandez Cascante,Man City
Rodrigo Bentancur,Spurs
Romain Esse,Crystal Palace
Romain Faivre,Bournemouth
Romaine Mundle,Sunderland
Romelle Donovan,Brentford
Roméo Lavia,Chelsea
Ross Barkley,Aston Villa
Ryan Christie,Bournemouth
Ryan Gravenberch,Liverpool
Ryan McAidoo,Man City
Ryan Sessegnon,Fulham
Ryan Trevitt,Brentford
Ryan Yates,Nott'm Forest
Sam Alabi,Newcastle
Sam Chambers,Leeds
Sam Greenwood,Leeds
Samuel Chukwueze,Fulham
Samuel Iling-Junior,Aston Villa
Sander Berge,Fulham
Sandro Tonali,Newcastle
Saša Lukić,Fulham
Sean Longstaff,Leeds
Seth Ridgeon,Fulham
Seung-Soo Park,Newcastle
Shea Lacey,Man Utd
Simon Adingra,Sunderland
Solly March,Brighton
Son Heung-min,Spurs
Soungoutou Magassa,West Ham
Stefan Bajčetić Maquieira,Liverpool
Sverre Nypan,Man City
Sávio Moreira de Oliveira,Man City
Sékou Koné,Man Utd
Tanaka Ao,Leeds
Tawanda Chirewa,Wolves
Temple Ojinnaka,Wolves
Tijjani Reijnders,Man City
Tim Iroegbunam,Everton
Toby Collyer,Man Utd
Tom Cairney,Fulham
Tom Edozie,Wolves
Tom Watson,Brighton
Tomáš Souček,West Ham
Trey Nyoni,Liverpool
Tyler Adams,Bournemouth
Tyler Dibling,Everton
Tyler Fletcher,Man Utd
Tyler Morton,Liverpool
Tyler Onyango,Everton
Tymur Tutierov,Sunderland
Tyrique George,Chelsea
Vitaly Janelt,Brentford
Wilfried Gnonto,Leeds
Will Hughes,Crystal Palace
Wilson Odobert,Spurs
Xavi Simons,Spurs
Yang Min-hyeok,Spurs
Yankuba Minteh,Brighton
Yasin Ayari,Brighton
Yehor Yarmoliuk,Brentford
Youri Tielemans,Aston Villa
Yunus Emre Konak,Brentford
Yusuf Akhamrich,Spurs
Yves Bissouma,Spurs
Yéremy Pino Santos,Crystal Palace
Zain Silcott-Duberry,Bournemouth
İlkay Gündoğan,Man City
